Outlet Name	Street	District	City	Province	Địa chỉ	Google Maps Link
QUÁN VƯỢNG BÉO	4/241 Lạch Tray	Phường Gia Viên	Thành Phố Hải Phòng	Hải Phòng	4/241 Lạch Tray Thành Phố Hải Phòng	https://www.google.com/maps/search/?api=1&query=QU%C3%81N+V%C6%AF%E1%BB%A2NG+B%C3%89O+4%2F241+L%E1%BA%A1ch+Tray+Th%C3%A0nh+Ph%E1%BB%91+H%E1%BA%A3i+Ph%C3%B2ng
VƯỜN BIA NHƯ Ý	271 Quán Nam	Phường Gia Viên	Thành Phố Hải Phòng	Hải Phòng	271 Quán Nam Thành Phố Hải Phòng	https://www.google.com/maps/search/?api=1&query=V%C6%AF%E1%BB%9CN+BIA+NH%C6%AF+%C3%9D+271+Qu%C3%A1n+Nam+Th%C3%A0nh+Ph%E1%BB%91+H%E1%BA%A3i+Ph%C3%B2ng
VUA BIA HOÀNG GIA 86	Ngọ Dương	Phường An Phong	Thành Phố Hải Phòng	Hải Phòng	Ngọ Dương Thành Phố Hải Phòng	https://www.google.com/maps/search/?api=1&query=VUA+BIA+HO%C3%80NG+GIA+86+Ng%E1%BB%8D+D%C6%B0%C6%A1ng+Th%C3%A0nh+Ph%E1%BB%91+H%E1%BA%A3i+Ph%C3%B2ng
TÙNG LÂM QUÁN	Số 24 Trần Phú	Phường Ngô Quyền	Thành Phố Hải Phòng	Hải Phòng	Số 24 Trần Phú Thành Phố Hải Phòng	https://www.google.com/maps/search/?api=1&query=T%C3%99NG+L%C3%82M+QU%C3%81N+S%E1%BB%91+24+Tr%E1%BA%A7n+Ph%C3%BA+Th%C3%A0nh+Ph%E1%BB%91+H%E1%BA%A3i+Ph%C3%B2ng
ĐỒNG CHÍ	18 Vũ Trọng Khánh	Phường Gia Viên	Thành Phố Hải Phòng	Hải Phòng	18 Vũ Trọng Khánh Thành Phố Hải Phòng	https://www.google.com/maps/search/?api=1&query=%C4%90%E1%BB%92NG+CH%C3%8D+18+V%C5%A9+Tr%E1%BB%8Dng+Kh%C3%A1nh+Th%C3%A0nh+Ph%E1%BB%91+H%E1%BA%A3i+Ph%C3%B2ng
8X QUÁN	231 Nguyễn Công Hòa	Phường An Biên	Thành Phố Hải Phòng	Hải Phòng	231 Nguyễn Công Hòa Thành Phố Hải Phòng	https://www.google.com/maps/search/?api=1&query=8X+QU%C3%81N+231+Nguy%E1%BB%85n+C%C3%B4ng+H%C3%B2a+Th%C3%A0nh+Ph%E1%BB%91+H%E1%BA%A3i+Ph%C3%B2ng
HÙNG BIA CỎ	Số 24 Võ Nguyên Giáp	Phường An Biên	Thành Phố Hải Phòng	Hải Phòng	Số 24 Võ Nguyên Giáp Thành Phố Hải Phòng	https://www.google.com/maps/search/?api=1&query=H%C3%99NG+BIA+C%E1%BB%8E+S%E1%BB%91+24+V%C3%B5+Nguy%C3%AAn+Gi%C3%A1p+Th%C3%A0nh+Ph%E1%BB%91+H%E1%BA%A3i+Ph%C3%B2ng
TRANG BÉO QUÁN	135 Quán Trữ	Phường Kiến An	Thành Phố Hải Phòng	Hải Phòng	135 Quán Trữ Thành Phố Hải Phòng	https://www.google.com/maps/search/?api=1&query=TRANG+B%C3%89O+QU%C3%81N+135+Qu%C3%A1n+Tr%E1%BB%AF+Th%C3%A0nh+Ph%E1%BB%91+H%E1%BA%A3i+Ph%C3%B2ng
PHỐ NHẬU	Hồ Rế	Phường An Dương	Thành Phố Hải Phòng	Hải Phòng	Hồ Rế Thành Phố Hải Phòng	https://www.google.com/maps/search/?api=1&query=PH%E1%BB%90+NH%E1%BA%ACU+H%E1%BB%93+R%E1%BA%BF+Th%C3%A0nh+Ph%E1%BB%91+H%E1%BA%A3i+Ph%C3%B2ng
BIA ĐẦU VÒI	Lê Hồng Phong	Phường Hải An	Thành Phố Hải Phòng	Hải Phòng	Lê Hồng Phong Thành Phố Hải Phòng	https://www.google.com/maps/search/?api=1&query=BIA+%C4%90%E1%BA%A6U+V%C3%92I+L%C3%AA+H%E1%BB%93ng+Phong+Th%C3%A0nh+Ph%E1%BB%91+H%E1%BA%A3i+Ph%C3%B2ng
BIA HƠI ANH NAM	Số 01 Phạm Minh Đức	Phường Gia Viên	Thành Phố Hải Phòng	Hải Phòng	Số 01 Phạm Minh Đức Thành Phố Hải Phòng	https://www.google.com/maps/search/?api=1&query=BIA+H%C6%A0I+ANH+NAM+S%E1%BB%91+01+Ph%E1%BA%A1m+Minh+%C4%90%E1%BB%A9c+Th%C3%A0nh+Ph%E1%BB%91+H%E1%BA%A3i+Ph%C3%B2ng
BIA 1988	Hồ An Biên	Phường Gia Viên	Thành Phố Hải Phòng	Hải Phòng	Hồ An Biên Thành Phố Hải Phòng	https://www.google.com/maps/search/?api=1&query=BIA+1988+H%E1%BB%93+An+Bi%C3%AAn+Th%C3%A0nh+Ph%E1%BB%91+H%E1%BA%A3i+Ph%C3%B2ng
BIA HƠI HƯƠNG DỊU	Số 1 Phạm Minh Đức	Phường Gia Viên	Thành Phố Hải Phòng	Hải Phòng	Số 1 Phạm Minh Đức Thành Phố Hải Phòng	https://www.google.com/maps/search/?api=1&query=BIA+H%C6%A0I+H%C6%AF%C6%A0NG+D%E1%BB%8AU+S%E1%BB%91+1+Ph%E1%BA%A1m+Minh+%C4%90%E1%BB%A9c+Th%C3%A0nh+Ph%E1%BB%91+H%E1%BA%A3i+Ph%C3%B2ng
BIA KHÁNH XỒM	Bùi Thị Tự Nhiên	Phường Đông Hải	Thành Phố Hải Phòng	Hải Phòng	Bùi Thị Tự Nhiên Thành Phố Hải Phòng	https://www.google.com/maps/search/?api=1&query=BIA+KH%C3%81NH+X%E1%BB%92M+B%C3%B9i+Th%E1%BB%8B+T%E1%BB%B1+Nhi%C3%AAn+Th%C3%A0nh+Ph%E1%BB%91+H%E1%BA%A3i+Ph%C3%B2ng
SÂN BIA VƯỜN HỒNG	Lũng Bắc	Phường Hải An	Thành Phố Hải Phòng	Hải Phòng	Lũng Bắc Thành Phố Hải Phòng	https://www.google.com/maps/search/?api=1&query=S%C3%82N+BIA+V%C6%AF%E1%BB%9CN+H%E1%BB%92NG+L%C5%A9ng+B%E1%BA%AFc+Th%C3%A0nh+Ph%E1%BB%91+H%E1%BA%A3i+Ph%C3%B2ng
ĐƯỜNG RAY QUÁN	Lê Thánh Tông	Phường Ngô Quyền	Thành Phố Hải Phòng	Hải Phòng	Lê Thánh Tông Thành Phố Hải Phòng	https://www.google.com/maps/search/?api=1&query=%C4%90%C6%AF%E1%BB%9CNG+RAY+QU%C3%81N+L%C3%AA+Th%C3%A1nh+T%C3%B4ng+Th%C3%A0nh+Ph%E1%BB%91+H%E1%BA%A3i+Ph%C3%B2ng
QUÁN ANH EM	Đà Nẵng	Phường Ngô Quyền	Thành Phố Hải Phòng	Hải Phòng	Đà Nẵng Thành Phố Hải Phòng	https://www.google.com/maps/search/?api=1&query=QU%C3%81N+ANH+EM+%C4%90%C3%A0+N%E1%BA%B5ng+Th%C3%A0nh+Ph%E1%BB%91+H%E1%BA%A3i+Ph%C3%B2ng
BIA 3 NHẤT	Trần Hoàn	Phường Hải An	Thành Phố Hải Phòng	Hải Phòng	Trần Hoàn Thành Phố Hải Phòng	https://www.google.com/maps/search/?api=1&query=BIA+3+NH%E1%BA%A4T+Tr%E1%BA%A7n+Ho%C3%A0n+Th%C3%A0nh+Ph%E1%BB%91+H%E1%BA%A3i+Ph%C3%B2ng
VƯỜN BIA 88	61 Khu2	Phường Quảng Yên	Tỉnh Quảng Ninh	Quảng Ninh	61 Khu2 Tỉnh Quảng Ninh	https://www.google.com/maps/search/?api=1&query=V%C6%AF%E1%BB%9CN+BIA+88+61+Khu2+T%E1%BB%89nh+Qu%E1%BA%A3ng+Ninh
GOC GAO NHAN BEO	230 Trần Nhân Tông	Phường Quảng Yên	Tỉnh Quảng Ninh	Quảng Ninh	230 Trần Nhân Tông Tỉnh Quảng Ninh	https://www.google.com/maps/search/?api=1&query=GOC+GAO+NHAN+BEO+230+Tr%E1%BA%A7n+Nh%C3%A2n+T%C3%B4ng+T%E1%BB%89nh+Qu%E1%BA%A3ng+Ninh
MẠNH HƯƠNG	Kiot 1 Hạ long view	Phường Hồng Gai	Tỉnh Quảng Ninh	Quảng Ninh	Kiot 1 Hạ long view Tỉnh Quảng Ninh	https://www.google.com/maps/search/?api=1&query=M%E1%BA%A0NH+H%C6%AF%C6%A0NG+Kiot+1+H%E1%BA%A1+long+view+T%E1%BB%89nh+Qu%E1%BA%A3ng+Ninh
BẢN ĐỊA	Cenco 5	Phường Hồng Gai	Tỉnh Quảng Ninh	Quảng Ninh	Cenco 5 Tỉnh Quảng Ninh	https://www.google.com/maps/search/?api=1&query=B%E1%BA%A2N+%C4%90%E1%BB%8AA+Cenco+5+T%E1%BB%89nh+Qu%E1%BA%A3ng+Ninh
BIA VIỆT HÙNG	Lê Thánh Tông	Phường Hồng Gai	Tỉnh Quảng Ninh	Quảng Ninh	Lê Thánh Tông Tỉnh Quảng Ninh	https://www.google.com/maps/search/?api=1&query=BIA+VI%E1%BB%86T+H%C3%99NG+L%C3%AA+Th%C3%A1nh+T%C3%B4ng+T%E1%BB%89nh+Qu%E1%BA%A3ng+Ninh
TÙNG HẠNH	12B	Phường Hồng Gai	Tỉnh Quảng Ninh	Quảng Ninh	12B Tỉnh Quảng Ninh	https://www.google.com/maps/search/?api=1&query=T%C3%99NG+H%E1%BA%A0NH+12B+T%E1%BB%89nh+Qu%E1%BA%A3ng+Ninh
BIA MẠNH SỨT	Đê Lam Hạ	Phường Hà Nam	Tỉnh Hà Nam	Hà Nam	Đê Lam Hạ Tỉnh Hà Nam	https://www.google.com/maps/search/?api=1&query=BIA+M%E1%BA%A0NH+S%E1%BB%A8T+%C4%90%C3%AA+Lam+H%E1%BA%A1+T%E1%BB%89nh+H%C3%A0+Nam
VƯỜN BIA LAM HẠ	Bán Đảo Lam Hạ	Phường Hà Nam	Tỉnh Hà Nam	Hà Nam	Bán Đảo Lam Hạ Tỉnh Hà Nam	https://www.google.com/maps/search/?api=1&query=V%C6%AF%E1%BB%9CN+BIA+LAM+H%E1%BA%A0+B%C3%A1n+%C4%90%E1%BA%A3o+Lam+H%E1%BA%A1+T%E1%BB%89nh+H%C3%A0+Nam
QN VEN HỒ	234 Trường Chinh	Phường Phủ Lý	Tỉnh Hà Nam	Hà Nam	234 Trường Chinh Tỉnh Hà Nam	https://www.google.com/maps/search/?api=1&query=QN+VEN+H%E1%BB%92+234+Tr%C6%B0%E1%BB%9Dng+Chinh+T%E1%BB%89nh+H%C3%A0+Nam
QUÁN ĐỒNG TRANG	TDP Thá Nguyễn Lam	Phường Phủ Lý	Tỉnh Hà Nam	Hà Nam	TDP Thá Nguyễn Lam Tỉnh Hà Nam	https://www.google.com/maps/search/?api=1&query=QU%C3%81N+%C4%90%E1%BB%92NG+TRANG+TDP+Th%C3%A1+Nguy%E1%BB%85n+Lam+T%E1%BB%89nh+H%C3%A0+Nam
Muối Ớt		Trường Vinh	Tỉnh Nghệ An	Nghệ An		https://www.google.com/maps/search/?api=1&query=Mu%E1%BB%91i+%E1%BB%9At+Tr%C6%B0%E1%BB%9Dng+Vinh+T%E1%BB%89nh+Ngh%E1%BB%87+An+Ngh%E1%BB%87+An
Hoà Hằng Cơ sở 2	Gần Ngã 3 Nguyễn Huệ	Cửa Lò	Tỉnh Nghệ An	Nghệ An	Gần Ngã 3 Nguyễn Huệ Tỉnh Nghệ An	https://www.google.com/maps/search/?api=1&query=Ho%C3%A0+H%E1%BA%B1ng+C%C6%A1+s%E1%BB%9F+2+G%E1%BA%A7n+Ng%C3%A3+3+Nguy%E1%BB%85n+Hu%E1%BB%87+T%E1%BB%89nh+Ngh%E1%BB%87+An
A Hèm	Khối 2 Cửa Xá	Cửa Lò	Tỉnh Nghệ An	Nghệ An	Khối 2 Cửa Xá Tỉnh Nghệ An	https://www.google.com/maps/search/?api=1&query=A+H%C3%A8m+Kh%E1%BB%91i+2+C%E1%BB%ADa+X%C3%A1+T%E1%BB%89nh+Ngh%E1%BB%87+An
Hoa Đức	288 Bình Minh	Cửa Lò	Tỉnh Nghệ An	Nghệ An	288 Bình Minh Tỉnh Nghệ An	https://www.google.com/maps/search/?api=1&query=Hoa+%C4%90%E1%BB%A9c+288+B%C3%ACnh+Minh+T%E1%BB%89nh+Ngh%E1%BB%87+An
Ngói Garden	Số 76 Lê Mao Kéo Đài	Trường Vinh	Tỉnh Nghệ An	Nghệ An	Số 76 Lê Mao Kéo Đài Tỉnh Nghệ An	https://www.google.com/maps/search/?api=1&query=Ng%C3%B3i+Garden+S%E1%BB%91+76+L%C3%AA+Mao+K%C3%A9o+%C4%90%C3%A0i+T%E1%BB%89nh+Ngh%E1%BB%87+An
Ga Nhỏ	82 Nguyễn Xuân Ôn	Hưng Bình	Tỉnh Nghệ An	Nghệ An	82 Nguyễn Xuân Ôn Tỉnh Nghệ An	https://www.google.com/maps/search/?api=1&query=Ga+Nh%E1%BB%8F+82+Nguy%E1%BB%85n+Xu%C3%A2n+%C3%94n+T%E1%BB%89nh+Ngh%E1%BB%87+An
Hải Lam	Xóm Hồng Long	Quỳnh Lưu	Tỉnh Nghệ An	Nghệ An	Xóm Hồng Long Tỉnh Nghệ An	https://www.google.com/maps/search/?api=1&query=H%E1%BA%A3i+Lam+X%C3%B3m+H%E1%BB%93ng+Long+T%E1%BB%89nh+Ngh%E1%BB%87+An
Mỹ Dung	1 Thọ thắng	Quỳnh Lưu	Tỉnh Nghệ An	Nghệ An	1 Thọ thắng Tỉnh Nghệ An	https://www.google.com/maps/search/?api=1&query=M%E1%BB%B9+Dung+1+Th%E1%BB%8D+th%E1%BA%AFng+T%E1%BB%89nh+Ngh%E1%BB%87+An
Quách Tĩnh	Khối 5	Hoàng Mai	Tỉnh Nghệ An	Nghệ An	Khối 5 Tỉnh Nghệ An	https://www.google.com/maps/search/?api=1&query=Qu%C3%A1ch+T%C4%A9nh+Kh%E1%BB%91i+5+T%E1%BB%89nh+Ngh%E1%BB%87+An
Hệ Cây Bàng	Xóm 16	Hoàng Mai	Tỉnh Nghệ An	Nghệ An	Xóm 16 Tỉnh Nghệ An	https://www.google.com/maps/search/?api=1&query=H%E1%BB%87+C%C3%A2y+B%C3%A0ng+X%C3%B3m+16+T%E1%BB%89nh+Ngh%E1%BB%87+An
Quán Nhậu 248	248 Ngô Gia Tự		Tỉnh Nghệ An	Nghệ An	248 Ngô Gia Tự Tỉnh Nghệ An	https://www.google.com/maps/search/?api=1&query=Qu%C3%A1n+Nh%E1%BA%ADu+248+248+Ng%C3%B4+Gia+T%E1%BB%B1+T%E1%BB%89nh+Ngh%E1%BB%87+An
QUAN NHAU CAU AM	163 Đại La	Phường Tương Mai	Thành Phố Hà Nội	Hà Nội	163 Đại La Thành Phố Hà Nội	https://www.google.com/maps/search/?api=1&query=QUAN+NHAU+CAU+AM+163+%C4%90%E1%BA%A1i+La+Th%C3%A0nh+Ph%E1%BB%91+H%C3%A0+N%E1%BB%99i
BIA 79 (CS2)	325 Trần Đại Nghĩa	Phường Tương Mai	Thành Phố Hà Nội	Hà Nội	325 Trần Đại Nghĩa Thành Phố Hà Nội	https://www.google.com/maps/search/?api=1&query=BIA+79+%28CS2%29+325+Tr%E1%BA%A7n+%C4%90%E1%BA%A1i+Ngh%C4%A9a+Th%C3%A0nh+Ph%E1%BB%91+H%C3%A0+N%E1%BB%99i
DUNG BAO KHANH	108 D1 Đặng Văn Ngữ	Phường Kim Liên	Thành Phố Hà Nội	Hà Nội	108 D1 Đặng Văn Ngữ Thành Phố Hà Nội	https://www.google.com/maps/search/?api=1&query=DUNG+BAO+KHANH+108+D1+%C4%90%E1%BA%B7ng+V%C4%83n+Ng%E1%BB%AF+Th%C3%A0nh+Ph%E1%BB%91+H%C3%A0+N%E1%BB%99i
BIA HẦM PHỐ	Lê Duẩn	Phường Văn Miếu	Thành Phố Hà Nội	Hà Nội	Lê Duẩn Thành Phố Hà Nội	https://www.google.com/maps/search/?api=1&query=BIA+H%E1%BA%A6M+PH%E1%BB%90+L%C3%AA+Du%E1%BA%A9n+Th%C3%A0nh+Ph%E1%BB%91+H%C3%A0+N%E1%BB%99i
PHƯƠNG LỘC	Hồ Ba Mẫu	Phường Văn Miếu	Thành Phố Hà Nội	Hà Nội	Hồ Ba Mẫu Thành Phố Hà Nội	https://www.google.com/maps/search/?api=1&query=PH%C6%AF%C6%A0NG+L%E1%BB%98C+H%E1%BB%93+Ba+M%E1%BA%ABu+Th%C3%A0nh+Ph%E1%BB%91+H%C3%A0+N%E1%BB%99i
NHAU THONG NHAT	292 Hồ Ba Mẫu	Phường Đống Đa	Thành Phố Hà Nội	Hà Nội	292 Hồ Ba Mẫu Thành Phố Hà Nội	https://www.google.com/maps/search/?api=1&query=NHAU+THONG+NHAT+292+H%E1%BB%93+Ba+M%E1%BA%ABu+Th%C3%A0nh+Ph%E1%BB%91+H%C3%A0+N%E1%BB%99i
BIA PHỐ	Bt10 An hưng	Phường Dương Nội	Thành Phố Hà Nội	Hà Nội	Bt10 An hưng Thành Phố Hà Nội	https://www.google.com/maps/search/?api=1&query=BIA+PH%E1%BB%90+Bt10+An+h%C6%B0ng+Th%C3%A0nh+Ph%E1%BB%91+H%C3%A0+N%E1%BB%99i
QUÁN LỘC VỪNG	264 Chiến Thắng	Phường Hà Đông	Thành Phố Hà Nội	Hà Nội	264 Chiến Thắng Thành Phố Hà Nội	https://www.google.com/maps/search/?api=1&query=QU%C3%81N+L%E1%BB%98C+V%E1%BB%AANG+264+Chi%E1%BA%BFn+Th%E1%BA%AFng+Th%C3%A0nh+Ph%E1%BB%91+H%C3%A0+N%E1%BB%99i
BIỂN BIA	Hà Trì	Phường Hà Đông	Thành Phố Hà Nội	Hà Nội	Hà Trì Thành Phố Hà Nội	https://www.google.com/maps/search/?api=1&query=BI%E1%BB%82N+BIA+H%C3%A0+Tr%C3%AC+Th%C3%A0nh+Ph%E1%BB%91+H%C3%A0+N%E1%BB%99i
BIA NGOC XOM	Tt6 2b 80 Kdt Dai Kim	Phường Định Công	Thành Phố Hà Nội	Hà Nội	Tt6 2b 80 Kdt Dai Kim Thành Phố Hà Nội	https://www.google.com/maps/search/?api=1&query=BIA+NGOC+XOM+Tt6+2b+80+Kdt+Dai+Kim+Th%C3%A0nh+Ph%E1%BB%91+H%C3%A0+N%E1%BB%99i
BIA VAN BAO KHANH	KDT Đại Kim	Phường Định Công	Thành Phố Hà Nội	Hà Nội	KDT Đại Kim Thành Phố Hà Nội	https://www.google.com/maps/search/?api=1&query=BIA+VAN+BAO+KHANH+KDT+%C4%90%E1%BA%A1i+Kim+Th%C3%A0nh+Ph%E1%BB%91+H%C3%A0+N%E1%BB%99i
TU HAI	KDT Dai Kim	Phường Định Công	Thành Phố Hà Nội	Hà Nội	KDT Dai Kim Thành Phố Hà Nội	https://www.google.com/maps/search/?api=1&query=TU+HAI+KDT+Dai+Kim+Th%C3%A0nh+Ph%E1%BB%91+H%C3%A0+N%E1%BB%99i
NHA HANG QUANG SINH	KĐT mới Đại Kim	Phường Định Công	Thành Phố Hà Nội	Hà Nội	KĐT mới Đại Kim Thành Phố Hà Nội	https://www.google.com/maps/search/?api=1&query=NHA+HANG+QUANG+SINH+K%C4%90T+m%E1%BB%9Bi+%C4%90%E1%BA%A1i+Kim+Th%C3%A0nh+Ph%E1%BB%91+H%C3%A0+N%E1%BB%99i
Bia Đồng Đội	Chùa Láng	Phường Láng	Thành Phố Hà Nội	Hà Nội	Chùa Láng Thành Phố Hà Nội	https://www.google.com/maps/search/?api=1&query=Bia+%C4%90%E1%BB%93ng+%C4%90%E1%BB%99i+Ch%C3%B9a+L%C3%A1ng+Th%C3%A0nh+Ph%E1%BB%91+H%C3%A0+N%E1%BB%99i
BIA HUY BEO	Trâu Quỳ	Xã Gia Lâm	Thành Phố Hà Nội	Hà Nội	Trâu Quỳ Thành Phố Hà Nội	https://www.google.com/maps/search/?api=1&query=BIA+HUY+BEO+Tr%C3%A2u+Qu%E1%BB%B3+Th%C3%A0nh+Ph%E1%BB%91+H%C3%A0+N%E1%BB%99i
QUÁN BIA VÔ CỰC	Số191 Đường Đồng Mới, thôn Vân Lũng xã An Khánh, Hà Nội	Xã An Khánh	Thành Phố Hà Nội	Hà Nội	Số191 Đường Đồng Mới, thôn Vân Lũng xã An Khánh, Hà Nội Thành Phố Hà Nội	https://www.google.com/maps/search/?api=1&query=QU%C3%81N+BIA+V%C3%94+C%E1%BB%B0C+S%E1%BB%91191+%C4%90%C6%B0%E1%BB%9Dng+%C4%90%E1%BB%93ng+M%E1%BB%9Bi%2C+th%C3%B4n+V%C3%A2n+L%C5%A9ng+x%C3%A3+An+Kh%C3%A1nh%2C+H%C3%A0+N%E1%BB%99i+Th%C3%A0nh+Ph%E1%BB%91+H%C3%A0+N%E1%BB%99i
DE LINH DAN CS4	Kdt Nam Khánh	Xã An Khánh	Thành Phố Hà Nội	Hà Nội	Kdt Nam Khánh Thành Phố Hà Nội	https://www.google.com/maps/search/?api=1&query=DE+LINH+DAN+CS4+Kdt+Nam+Kh%C3%A1nh+Th%C3%A0nh+Ph%E1%BB%91+H%C3%A0+N%E1%BB%99i
Nhà Hàng Dũng Xoăn CS5		Phường Xuân Phương	Thành Phố Hà Nội	Hà Nội		https://www.google.com/maps/search/?api=1&query=Nh%C3%A0+H%C3%A0ng+D%C5%A9ng+Xo%C4%83n+CS5+Ph%C6%B0%E1%BB%9Dng+Xu%C3%A2n+Ph%C6%B0%C6%A1ng+Th%C3%A0nh+Ph%E1%BB%91+H%C3%A0+N%E1%BB%99i+H%C3%A0+N%E1%BB%99i
DŨNG XOĂN CS7	15.46 Xuân Phương	Phường Xuân Phương	Thành Phố Hà Nội	Hà Nội	15.46 Xuân Phương Thành Phố Hà Nội	https://www.google.com/maps/search/?api=1&query=D%C5%A8NG+XO%C4%82N+CS7+15.46+Xu%C3%A2n+Ph%C6%B0%C6%A1ng+Th%C3%A0nh+Ph%E1%BB%91+H%C3%A0+N%E1%BB%99i
Nhất Quán CS6	Tu Hoàng	Phường Xuân Phương	Thành Phố Hà Nội	Hà Nội	Tu Hoàng Thành Phố Hà Nội	https://www.google.com/maps/search/?api=1&query=Nh%E1%BA%A5t+Qu%C3%A1n+CS6+Tu+Ho%C3%A0ng+Th%C3%A0nh+Ph%E1%BB%91+H%C3%A0+N%E1%BB%99i
NHÀ HÀNG KIM CHI	Cổng Làng Miêu Nha	Phường Xuân Phương	Thành Phố Hà Nội	Hà Nội	Cổng Làng Miêu Nha Thành Phố Hà Nội	https://www.google.com/maps/search/?api=1&query=NH%C3%80+H%C3%80NG+KIM+CHI+C%E1%BB%95ng+L%C3%A0ng+Mi%C3%AAu+Nha+Th%C3%A0nh+Ph%E1%BB%91+H%C3%A0+N%E1%BB%99i
BIA HUY ANH	Ngã 4 Nguyễn Văn Huyên	Phường Quan Hoa	Thành Phố Hà Nội	Hà Nội	Ngã 4 Nguyễn Văn Huyên Thành Phố Hà Nội	https://www.google.com/maps/search/?api=1&query=BIA+HUY+ANH+Ng%C3%A3+4+Nguy%E1%BB%85n+V%C4%83n+Huy%C3%AAn+Th%C3%A0nh+Ph%E1%BB%91+H%C3%A0+N%E1%BB%99i
TÙNG AN	88 Dương Đình Nghệ	Phường Trung Hoà	Thành Phố Hà Nội	Hà Nội	88 Dương Đình Nghệ Thành Phố Hà Nội	https://www.google.com/maps/search/?api=1&query=T%C3%99NG+AN+88+D%C6%B0%C6%A1ng+%C4%90%C3%ACnh+Ngh%E1%BB%87+Th%C3%A0nh+Ph%E1%BB%91+H%C3%A0+N%E1%BB%99i
BIA 68 TÂY HỒ	43 Đặng Thái Mai	Phường Tây Hồ	Thành Phố Hà Nội	Hà Nội	43 Đặng Thái Mai Thành Phố Hà Nội	https://www.google.com/maps/search/?api=1&query=BIA+68+T%C3%82Y+H%E1%BB%92+43+%C4%90%E1%BA%B7ng+Th%C3%A1i+Mai+Th%C3%A0nh+Ph%E1%BB%91+H%C3%A0+N%E1%BB%99i
VƯỜN BIA PHỦI	Số 3 An Dương Vương	Phường Phú Thượng	Thành Phố Hà Nội	Hà Nội	Số 3 An Dương Vương Thành Phố Hà Nội	https://www.google.com/maps/search/?api=1&query=V%C6%AF%E1%BB%9CN+BIA+PH%E1%BB%A6I+S%E1%BB%91+3+An+D%C6%B0%C6%A1ng+V%C6%B0%C6%A1ng+Th%C3%A0nh+Ph%E1%BB%91+H%C3%A0+N%E1%BB%99i
XUÂN HOA	Kdt Tp Giao Lưu	Phường Phú Diễn	Thành Phố Hà Nội	Hà Nội	Kdt Tp Giao Lưu Thành Phố Hà Nội	https://www.google.com/maps/search/?api=1&query=XU%C3%82N+HOA+Kdt+Tp+Giao+L%C6%B0u+Th%C3%A0nh+Ph%E1%BB%91+H%C3%A0+N%E1%BB%99i
BIA 1990	16 TT 3 Khu Bt Tp Giao Lưu	Phường Phú Diễn	Thành Phố Hà Nội	Hà Nội	16 TT 3 Khu Bt Tp Giao Lưu Thành Phố Hà Nội	https://www.google.com/maps/search/?api=1&query=BIA+1990+16+TT+3+Khu+Bt+Tp+Giao+L%C6%B0u+Th%C3%A0nh+Ph%E1%BB%91+H%C3%A0+N%E1%BB%99i
NGÂN HÀ	Trần Huy Liệu	Phường Ba Đình	Thành Phố Hà Nội	Hà Nội	Trần Huy Liệu Thành Phố Hà Nội	https://www.google.com/maps/search/?api=1&query=NG%C3%82N+H%C3%80+Tr%E1%BA%A7n+Huy+Li%E1%BB%87u+Th%C3%A0nh+Ph%E1%BB%91+H%C3%A0+N%E1%BB%99i
BIA HẢI XỒM- NGUYỄN BÁ KHOẢN	Nguyễn bá khoản	Phường Trung Hoà	Thành Phố Hà Nội	Hà Nội	Nguyễn bá khoản Thành Phố Hà Nội	https://www.google.com/maps/search/?api=1&query=BIA+H%E1%BA%A2I+X%E1%BB%92M-+NGUY%E1%BB%84N+B%C3%81+KHO%E1%BA%A2N+Nguy%E1%BB%85n+b%C3%A1+kho%E1%BA%A3n+Th%C3%A0nh+Ph%E1%BB%91+H%C3%A0+N%E1%BB%99i
BIA ONG DUY TÂN	Trần Hưng Đạo	Phường Trần Hưng Đạo	Tỉnh Thái Bình	Thái Bình	Trần Hưng Đạo Tỉnh Thái Bình	https://www.google.com/maps/search/?api=1&query=BIA+ONG+DUY+T%C3%82N+Tr%E1%BA%A7n+H%C6%B0ng+%C4%90%E1%BA%A1o+T%E1%BB%89nh+Th%C3%A1i+B%C3%ACnh
QUÁN CÂY KHẾ	Nguyễn Trãi	Phường Vũ Phúc	Tỉnh Thái Bình	Thái Bình	Nguyễn Trãi Tỉnh Thái Bình	https://www.google.com/maps/search/?api=1&query=QU%C3%81N+C%C3%82Y+KH%E1%BA%BE+Nguy%E1%BB%85n+Tr%C3%A3i+T%E1%BB%89nh+Th%C3%A1i+B%C3%ACnh
BIA HAI XE	Tai dinh cu Ky Ba, Duong 25	Phường Trần Lãm	Tỉnh Thái Bình	Thái Bình	Tai dinh cu Ky Ba, Duong 25 Tỉnh Thái Bình	https://www.google.com/maps/search/?api=1&query=BIA+HAI+XE+Tai+dinh+cu+Ky+Ba%2C+Duong+25+T%E1%BB%89nh+Th%C3%A1i+B%C3%ACnh
BE THUI PHI HUNG	Nga 5	Phường Trần Lãm	Tỉnh Thái Bình	Thái Bình	Nga 5 Tỉnh Thái Bình	https://www.google.com/maps/search/?api=1&query=BE+THUI+PHI+HUNG+Nga+5+T%E1%BB%89nh+Th%C3%A1i+B%C3%ACnh
BÊ THUI HÙNG MẬP	Đinh Tiên Hoàng Lô 23	Phường Trần Lãm	Tỉnh Thái Bình	Thái Bình	Đinh Tiên Hoàng Lô 23 Tỉnh Thái Bình	https://www.google.com/maps/search/?api=1&query=B%C3%8A+THUI+H%C3%99NG+M%E1%BA%ACP+%C4%90inh+Ti%C3%AAn+Ho%C3%A0ng+L%C3%B4+23+T%E1%BB%89nh+Th%C3%A1i+B%C3%ACnh
QUAN BIA DOC LAP	Dinh tien hoang	Phường Trần Lãm	Tỉnh Thái Bình	Thái Bình	Dinh tien hoang Tỉnh Thái Bình	https://www.google.com/maps/search/?api=1&query=QUAN+BIA+DOC+LAP+Dinh+tien+hoang+T%E1%BB%89nh+Th%C3%A1i+B%C3%ACnh
TRÌNH QUÁN	1 Đông a	Phường Nam Định	Tỉnh Nam Định	Nam Định	1 Đông a Tỉnh Nam Định	https://www.google.com/maps/search/?api=1&query=TR%C3%8CNH+QU%C3%81N+1+%C4%90%C3%B4ng+a+T%E1%BB%89nh+Nam+%C4%90%E1%BB%8Bnh
Bia Tỉnh	1 D5	Phường Đông A	Tỉnh Nam Định	Nam Định	1 D5 Tỉnh Nam Định	https://www.google.com/maps/search/?api=1&query=Bia+T%E1%BB%89nh+1+D5+T%E1%BB%89nh+Nam+%C4%90%E1%BB%8Bnh
Sọt Quán	466 Kênh	Phường Nam Định	Tỉnh Nam Định	Nam Định	466 Kênh Tỉnh Nam Định	https://www.google.com/maps/search/?api=1&query=S%E1%BB%8Dt+Qu%C3%A1n+466+K%C3%AAnh+T%E1%BB%89nh+Nam+%C4%90%E1%BB%8Bnh
Vị Quán	506 Đường Kênh	Phường Nam Định	Tỉnh Nam Định	Nam Định	506 Đường Kênh Tỉnh Nam Định	https://www.google.com/maps/search/?api=1&query=V%E1%BB%8B+Qu%C3%A1n+506+%C4%90%C6%B0%E1%BB%9Dng+K%C3%AAnh+T%E1%BB%89nh+Nam+%C4%90%E1%BB%8Bnh
THANH HỢI	Thanh Niên	Phường Sầm Sơn	Tỉnh Thanh Hóa	Thanh Hóa	Thanh Niên Tỉnh Thanh Hóa	https://www.google.com/maps/search/?api=1&query=THANH+H%E1%BB%A2I+Thanh+Ni%C3%AAn+T%E1%BB%89nh+Thanh+H%C3%B3a
Ngoc Ha·	Khu Vinh Sơn	Phường Sầm Sơn	Tỉnh Thanh Hóa	Thanh Hóa	Khu Vinh Sơn Tỉnh Thanh Hóa	https://www.google.com/maps/search/?api=1&query=Ngoc+Ha%C2%B7+Khu+Vinh+S%C6%A1n+T%E1%BB%89nh+Thanh+H%C3%B3a
Tư do	TTTM	Phường Sầm Sơn	Tỉnh Thanh Hóa	Thanh Hóa	TTTM Tỉnh Thanh Hóa	https://www.google.com/maps/search/?api=1&query=T%C6%B0+do+TTTM+T%E1%BB%89nh+Thanh+H%C3%B3a
Đệ Nhất	Duong 47-Cau Binh Hoa Sốn Thang	Phường Sầm Sơn	Tỉnh Thanh Hóa	Thanh Hóa	Duong 47-Cau Binh Hoa Sốn Thang Tỉnh Thanh Hóa	https://www.google.com/maps/search/?api=1&query=%C4%90%E1%BB%87+Nh%E1%BA%A5t+Duong+47-Cau+Binh+Hoa+S%E1%BB%91n+Thang+T%E1%BB%89nh+Thanh+H%C3%B3a
BIA CỎ	11 Phú Vinh	Phường Hạc Thành	Tỉnh Thanh Hóa	Thanh Hóa	11 Phú Vinh Tỉnh Thanh Hóa	https://www.google.com/maps/search/?api=1&query=BIA+C%E1%BB%8E+11+Ph%C3%BA+Vinh+T%E1%BB%89nh+Thanh+H%C3%B3a
VŨ LINH2	Mặt bằng	Phường Ngọc Sơn	Tỉnh Thanh Hóa	Thanh Hóa	Mặt bằng Tỉnh Thanh Hóa	https://www.google.com/maps/search/?api=1&query=V%C5%A8+LINH2+M%E1%BA%B7t+b%E1%BA%B1ng+T%E1%BB%89nh+Thanh+H%C3%B3a
HÒA NGA	Đường 8	Phường Ngọc Sơn	Tỉnh Thanh Hóa	Thanh Hóa	Đường 8 Tỉnh Thanh Hóa	https://www.google.com/maps/search/?api=1&query=H%C3%92A+NGA+%C4%90%C6%B0%E1%BB%9Dng+8+T%E1%BB%89nh+Thanh+H%C3%B3a
ĐẠI DƯƠNG	Biển Hải Ninh Bắc Thành	Phường Ngọc Sơn	Tỉnh Thanh Hóa	Thanh Hóa	Biển Hải Ninh Bắc Thành Tỉnh Thanh Hóa	https://www.google.com/maps/search/?api=1&query=%C4%90%E1%BA%A0I+D%C6%AF%C6%A0NG+Bi%E1%BB%83n+H%E1%BA%A3i+Ninh+B%E1%BA%AFc+Th%C3%A0nh+T%E1%BB%89nh+Thanh+H%C3%B3a
BẢO NAM QUÁN	Bờ Đê	Phường Ngọc Sơn	Tỉnh Thanh Hóa	Thanh Hóa	Bờ Đê Tỉnh Thanh Hóa	https://www.google.com/maps/search/?api=1&query=B%E1%BA%A2O+NAM+QU%C3%81N+B%E1%BB%9D+%C4%90%C3%AA+T%E1%BB%89nh+Thanh+H%C3%B3a
24h	85 Lý Nam Đế	Phường Hạc Thành	Tỉnh Thanh Hóa	Thanh Hóa	85 Lý Nam Đế Tỉnh Thanh Hóa	https://www.google.com/maps/search/?api=1&query=24h+85+L%C3%BD+Nam+%C4%90%E1%BA%BF+T%E1%BB%89nh+Thanh+H%C3%B3a
23zoo	Thành Thái	Phường Hàm Rồng	Tỉnh Thanh Hóa	Thanh Hóa	Thành Thái Tỉnh Thanh Hóa	https://www.google.com/maps/search/?api=1&query=23zoo+Th%C3%A0nh+Th%C3%A1i+T%E1%BB%89nh+Thanh+H%C3%B3a
NAM HÒA	03 Hà Huy Tập	P. Hà Huy Tập	Tỉnh Hà Tĩnh	Hà Tĩnh	03 Hà Huy Tập Tỉnh Hà Tĩnh	https://www.google.com/maps/search/?api=1&query=NAM+H%C3%92A+03+H%C3%A0+Huy+T%E1%BA%ADp+T%E1%BB%89nh+H%C3%A0+T%C4%A9nh
Vịnh Truyền	28 Phan Chánh	P. Tân Giang	Tỉnh Hà Tĩnh	Hà Tĩnh	28 Phan Chánh Tỉnh Hà Tĩnh	https://www.google.com/maps/search/?api=1&query=V%E1%BB%8Bnh+Truy%E1%BB%81n+28+Phan+Ch%C3%A1nh+T%E1%BB%89nh+H%C3%A0+T%C4%A9nh
VEN SÔNG	18 Phan Chánh	P. Tân Giang	Tỉnh Hà Tĩnh	Hà Tĩnh	18 Phan Chánh Tỉnh Hà Tĩnh	https://www.google.com/maps/search/?api=1&query=VEN+S%C3%94NG+18+Phan+Ch%C3%A1nh+T%E1%BB%89nh+H%C3%A0+T%C4%A9nh
VƯỜN BIA 1976	60 Hà Tông Chính	P. Trần Phú	Tỉnh Hà Tĩnh	Hà Tĩnh	60 Hà Tông Chính Tỉnh Hà Tĩnh	https://www.google.com/maps/search/?api=1&query=V%C6%AF%E1%BB%9CN+BIA+1976+60+H%C3%A0+T%C3%B4ng+Ch%C3%ADnh+T%E1%BB%89nh+H%C3%A0+T%C4%A9nh
HUYNH ĐỆ	Tx. Cửa Lò Thu Thủy	Phường Thu Thuỷ	Tỉnh Nghệ An	Nghệ An	Tx. Cửa Lò Thu Thủy Tỉnh Nghệ An	https://www.google.com/maps/search/?api=1&query=HUYNH+%C4%90%E1%BB%86+Tx.+C%E1%BB%ADa+L%C3%B2+Thu+Th%E1%BB%A7y+T%E1%BB%89nh+Ngh%E1%BB%87+An
HẠNH CHÙ	215 Ngô Gia Tự	215 Ngô Gia Tự	Tỉnh Nghệ An	Nghệ An	215 Ngô Gia Tự Tỉnh Nghệ An	https://www.google.com/maps/search/?api=1&query=H%E1%BA%A0NH+CH%C3%99+215+Ng%C3%B4+Gia+T%E1%BB%B1+T%E1%BB%89nh+Ngh%E1%BB%87+An
CHIẾN CÒI	75 Lý Thường Kiệt	Lý Thường Kiệt	Tỉnh Nghệ An	Nghệ An	75 Lý Thường Kiệt Tỉnh Nghệ An	https://www.google.com/maps/search/?api=1&query=CHI%E1%BA%BEN+C%C3%92I+75+L%C3%BD+Th%C6%B0%E1%BB%9Dng+Ki%E1%BB%87t+T%E1%BB%89nh+Ngh%E1%BB%87+An
HẠC THÀNH GADER	Hạc Thành	Phường Hạc Thành	Tỉnh Thanh Hóa	Thanh Hóa	Hạc Thành Tỉnh Thanh Hóa	https://www.google.com/maps/search/?api=1&query=H%E1%BA%A0C+TH%C3%80NH+GADER+H%E1%BA%A1c+Th%C3%A0nh+T%E1%BB%89nh+Thanh+H%C3%B3a
BIA SAY EM	Nguyễn Thiếp	Phường Hạc Thành	Tỉnh Thanh Hóa	Thanh Hóa	Nguyễn Thiếp Tỉnh Thanh Hóa	https://www.google.com/maps/search/?api=1&query=BIA+SAY+EM+Nguy%E1%BB%85n+Thi%E1%BA%BFp+T%E1%BB%89nh+Thanh+H%C3%B3a
BIA VIET BACH CS3	Tạ Quang Bửu	Phường Bạch Mai	Thành Phố Hà Nội	Hà Nội	Tạ Quang Bửu Thành Phố Hà Nội	https://www.google.com/maps/search/?api=1&query=BIA+VIET+BACH+CS3+T%E1%BA%A1+Quang+B%E1%BB%ADu+Th%C3%A0nh+Ph%E1%BB%91+H%C3%A0+N%E1%BB%99i
TUAN BEO	Phương Mai	Phường Kim Liên	Thành Phố Hà Nội	Hà Nội	Phương Mai Thành Phố Hà Nội	https://www.google.com/maps/search/?api=1&query=TUAN+BEO+Ph%C6%B0%C6%A1ng+Mai+Th%C3%A0nh+Ph%E1%BB%91+H%C3%A0+N%E1%BB%99i
BIA LOC VUNG	Trần Khát Chân	Phường Hai Bà Trưng	Thành Phố Hà Nội	Hà Nội	Trần Khát Chân Thành Phố Hà Nội	https://www.google.com/maps/search/?api=1&query=BIA+LOC+VUNG+Tr%E1%BA%A7n+Kh%C3%A1t+Ch%C3%A2n+Th%C3%A0nh+Ph%E1%BB%91+H%C3%A0+N%E1%BB%99i
Bia Hơi Thắng Hói		Phường Mễ Trì	Thành Phố Hà Nội	Hà Nội		https://www.google.com/maps/search/?api=1&query=Bia+H%C6%A1i+Th%E1%BA%AFng+H%C3%B3i+Ph%C6%B0%E1%BB%9Dng+M%E1%BB%85+Tr%C3%AC+Th%C3%A0nh+Ph%E1%BB%91+H%C3%A0+N%E1%BB%99i+H%C3%A0+N%E1%BB%99i
Tung Minh	Đào Duy Tùng	Huyện Đông Anh	Thành Phố Hà Nội	Hà Nội	Đào Duy Tùng Thành Phố Hà Nội	https://www.google.com/maps/search/?api=1&query=Tung+Minh+%C4%90%C3%A0o+Duy+T%C3%B9ng+Th%C3%A0nh+Ph%E1%BB%91+H%C3%A0+N%E1%BB%99i
Nhà hàng Anh Hòa	169 Nguyễn Văn Lộc	Phường Hà Đông	Thành Phố Hà Nội	Hà Nội	169 Nguyễn Văn Lộc Thành Phố Hà Nội	https://www.google.com/maps/search/?api=1&query=Nh%C3%A0+h%C3%A0ng+Anh+H%C3%B2a+169+Nguy%E1%BB%85n+V%C4%83n+L%E1%BB%99c+Th%C3%A0nh+Ph%E1%BB%91+H%C3%A0+N%E1%BB%99i
Bia Phúc Hưng CS2	Số 29-30 C05 KĐT Geleximco Lê trọng Tấn	Phường Hà Đông	Thành Phố Hà Nội	Hà Nội	Số 29-30 C05 KĐT Geleximco Lê trọng Tấn Thành Phố Hà Nội	https://www.google.com/maps/search/?api=1&query=Bia+Ph%C3%BAc+H%C6%B0ng+CS2+S%E1%BB%91+29-30+C05+K%C4%90T+Geleximco+L%C3%AA+tr%E1%BB%8Dng+T%E1%BA%A5n+Th%C3%A0nh+Ph%E1%BB%91+H%C3%A0+N%E1%BB%99i
Nhà Hàng Bảo Sơn CS2	Lk79 KDT ĐÔ NGHĨA	Phường Hà Đông	Thành Phố Hà Nội	Hà Nội	Lk79 KDT ĐÔ NGHĨA Thành Phố Hà Nội	https://www.google.com/maps/search/?api=1&query=Nh%C3%A0+H%C3%A0ng+B%E1%BA%A3o+S%C6%A1n+CS2+Lk79+KDT+%C4%90%C3%94+NGH%C4%A8A+Th%C3%A0nh+Ph%E1%BB%91+H%C3%A0+N%E1%BB%99i
Quán Nhậu Dân Chủ 2	KDT An Hưng	Phường Hà Đông	Thành Phố Hà Nội	Hà Nội	KDT An Hưng Thành Phố Hà Nội	https://www.google.com/maps/search/?api=1&query=Qu%C3%A1n+Nh%E1%BA%ADu+D%C3%A2n+Ch%E1%BB%A7+2+KDT+An+H%C6%B0ng+Th%C3%A0nh+Ph%E1%BB%91+H%C3%A0+N%E1%BB%99i
TRUNG KIÊN QUÁN	Tinh Thành Quốc Tế	Phường Kiến An	Thành Phố Hải Phòng	Hải Phòng	Tinh Thành Quốc Tế Thành Phố Hải Phòng	https://www.google.com/maps/search/?api=1&query=TRUNG+KI%C3%8AN+QU%C3%81N+Tinh+Th%C3%A0nh+Qu%E1%BB%91c+T%E1%BA%BF+Th%C3%A0nh+Ph%E1%BB%91+H%E1%BA%A3i+Ph%C3%B2ng
QUAN THUY DUNG	Ho Phong Luu	Phường Đông Hải	Thành Phố Hải Phòng	Hải Phòng	Ho Phong Luu Thành Phố Hải Phòng	https://www.google.com/maps/search/?api=1&query=QUAN+THUY+DUNG+Ho+Phong+Luu+Th%C3%A0nh+Ph%E1%BB%91+H%E1%BA%A3i+Ph%C3%B2ng
BINH DAM NINO	Chương Dương	Phường Hồng Bàng	Thành Phố Hải Phòng	Hải Phòng	Chương Dương Thành Phố Hải Phòng	https://www.google.com/maps/search/?api=1&query=BINH+DAM+NINO+Ch%C6%B0%C6%A1ng+D%C6%B0%C6%A1ng+Th%C3%A0nh+Ph%E1%BB%91+H%E1%BA%A3i+Ph%C3%B2ng
XÍNH GARDEN	Lê Mao Kéo Dài	Trường Vinh	Tỉnh Nghệ An	Nghệ An	Lê Mao Kéo Dài Tỉnh Nghệ An	https://www.google.com/maps/search/?api=1&query=X%C3%8DNH+GARDEN+L%C3%AA+Mao+K%C3%A9o+D%C3%A0i+T%E1%BB%89nh+Ngh%E1%BB%87+An
NAM THANH	Thôn Trung Thượng		Tỉnh Thanh Hóa	Thanh Hóa	Thôn Trung Thượng Tỉnh Thanh Hóa	https://www.google.com/maps/search/?api=1&query=NAM+THANH+Th%C3%B4n+Trung+Th%C6%B0%E1%BB%A3ng+T%E1%BB%89nh+Thanh+H%C3%B3a
BIA DUY BOM	Phường Đồng Tâm	Phường Bạch Mai	Thành Phố Hà Nội	Hà Nội	Phường Đồng Tâm Thành Phố Hà Nội	https://www.google.com/maps/search/?api=1&query=BIA+DUY+BOM+Ph%C6%B0%E1%BB%9Dng+%C4%90%E1%BB%93ng+T%C3%A2m+Th%C3%A0nh+Ph%E1%BB%91+H%C3%A0+N%E1%BB%99i
O2 QUÁN - MINH LINH QUÁN	Hồ Văn Khê	Phường Hà Đông	Thành Phố Hà Nội	Hà Nội	Hồ Văn Khê Thành Phố Hà Nội	https://www.google.com/maps/search/?api=1&query=O2+QU%C3%81N+-+MINH+LINH+QU%C3%81N+H%E1%BB%93+V%C4%83n+Kh%C3%AA+Th%C3%A0nh+Ph%E1%BB%91+H%C3%A0+N%E1%BB%99i
Lẩu Dũng Râu	Mễ Trì Hạ	Phường Mễ Trì	Thành Phố Hà Nội	Hà Nội	Mễ Trì Hạ Thành Phố Hà Nội	https://www.google.com/maps/search/?api=1&query=L%E1%BA%A9u+D%C5%A9ng+R%C3%A2u+M%E1%BB%85+Tr%C3%AC+H%E1%BA%A1+Th%C3%A0nh+Ph%E1%BB%91+H%C3%A0+N%E1%BB%99i
QUÁN NHẬU CHỊ LIÊN	Quang Trung	Phường Hồng Bàng	Thành Phố Hải Phòng	Hải Phòng	Quang Trung Thành Phố Hải Phòng	https://www.google.com/maps/search/?api=1&query=QU%C3%81N+NH%E1%BA%ACU+CH%E1%BB%8A+LI%C3%8AN+Quang+Trung+Th%C3%A0nh+Ph%E1%BB%91+H%E1%BA%A3i+Ph%C3%B2ng
HIỆP BẦU QUÁN	Lê Hồng Phong Ngõ Lụt 22	Phường Gia Viên	Thành Phố Hải Phòng	Hải Phòng	Lê Hồng Phong Ngõ Lụt 22 Thành Phố Hải Phòng	https://www.google.com/maps/search/?api=1&query=HI%E1%BB%86P+B%E1%BA%A6U+QU%C3%81N+L%C3%AA+H%E1%BB%93ng+Phong+Ng%C3%B5+L%E1%BB%A5t+22+Th%C3%A0nh+Ph%E1%BB%91+H%E1%BA%A3i+Ph%C3%B2ng
CAGO	103 Vũ Quang		Tỉnh Hà Tĩnh	Hà Tĩnh	103 Vũ Quang Tỉnh Hà Tĩnh	https://www.google.com/maps/search/?api=1&query=CAGO+103+V%C5%A9+Quang+T%E1%BB%89nh+H%C3%A0+T%C4%A9nh
NHƯ Ý	SN 05 đường 510B, Phong Lan, xã hoằng tiến		Tỉnh Thanh Hóa	Thanh Hóa	SN 05 đường 510B, Phong Lan, xã hoằng tiến Tỉnh Thanh Hóa	https://www.google.com/maps/search/?api=1&query=NH%C6%AF+%C3%9D+SN+05+%C4%91%C6%B0%E1%BB%9Dng+510B%2C+Phong+Lan%2C+x%C3%A3+ho%E1%BA%B1ng+ti%E1%BA%BFn+T%E1%BB%89nh+Thanh+H%C3%B3a
LÀNG NƯỚNG MIỀN BIỂN	Tx. Sầm Sơn Khu Pho Vinh Sốn		Tỉnh Thanh Hóa	Thanh Hóa	Tx. Sầm Sơn Khu Pho Vinh Sốn Tỉnh Thanh Hóa	https://www.google.com/maps/search/?api=1&query=L%C3%80NG+N%C6%AF%E1%BB%9ANG+MI%E1%BB%80N+BI%E1%BB%82N+Tx.+S%E1%BA%A7m+S%C6%A1n+Khu+Pho+Vinh+S%E1%BB%91n+T%E1%BB%89nh+Thanh+H%C3%B3a
Tiến Quân quán	Số 220 An Đà		Thành Phố Hải Phòng	Thanh Hóa	Số 220 An Đà Thành Phố Hải Phòng	https://www.google.com/maps/search/?api=1&query=Ti%E1%BA%BFn+Qu%C3%A2n+qu%C3%A1n+S%E1%BB%91+220+An+%C4%90%C3%A0+Th%C3%A0nh+Ph%E1%BB%91+H%E1%BA%A3i+Ph%C3%B2ng
Bia Phố	Đinh Tiên Hoàng	Phường Hoa Lư	Tỉnh Ninh Bình	Ninh Bình	Đinh Tiên Hoàng Tỉnh Ninh Bình	https://www.google.com/maps/search/?api=1&query=Bia+Ph%E1%BB%91+%C4%90inh+Ti%C3%AAn+Ho%C3%A0ng+T%E1%BB%89nh+Ninh+B%C3%ACnh
TIẾN GẠCH	25 Lê Ninh	P. Nguyễn Du	Tỉnh Hà Tĩnh	Hà Tĩnh	25 Lê Ninh Tỉnh Hà Tĩnh	https://www.google.com/maps/search/?api=1&query=TI%E1%BA%BEN+G%E1%BA%A0CH+25+L%C3%AA+Ninh+T%E1%BB%89nh+H%C3%A0+T%C4%A9nh
NGHỊ HOA	Khu Vinh Sơn		Tỉnh Thanh Hóa	Thanh Hóa	Khu Vinh Sơn Tỉnh Thanh Hóa	https://www.google.com/maps/search/?api=1&query=NGH%E1%BB%8A+HOA+Khu+Vinh+S%C6%A1n+T%E1%BB%89nh+Thanh+H%C3%B3a
QUÁN NHẬU LONG HÒA	Bãi tắm		Tỉnh Hà Tĩnh	Hà Tĩnh	Bãi tắm Tỉnh Hà Tĩnh	https://www.google.com/maps/search/?api=1&query=QU%C3%81N+NH%E1%BA%ACU+LONG+H%C3%92A+B%C3%A3i+t%E1%BA%AFm+T%E1%BB%89nh+H%C3%A0+T%C4%A9nh
QN Anh Và Em			Tỉnh Nghệ An	Nghệ An	 Tỉnh Nghệ An	https://www.google.com/maps/search/?api=1&query=QN+Anh+V%C3%A0+Em+T%E1%BB%89nh+Ngh%E1%BB%87+An
BIA VÂN HỒ	Hoa Lư		Thành Phố Hà Nội	Hà Nội	Hoa Lư Thành Phố Hà Nội	https://www.google.com/maps/search/?api=1&query=BIA+V%C3%82N+H%E1%BB%92+Hoa+L%C6%B0+Th%C3%A0nh+Ph%E1%BB%91+H%C3%A0+N%E1%BB%99i
ĐỨC BÉ	Lê Hồng Phong		Thành Phố Hải Phòng	Hải Phòng	Lê Hồng Phong Thành Phố Hải Phòng	https://www.google.com/maps/search/?api=1&query=%C4%90%E1%BB%A8C+B%C3%89+L%C3%AA+H%E1%BB%93ng+Phong+Th%C3%A0nh+Ph%E1%BB%91+H%E1%BA%A3i+Ph%C3%B2ng
Đệ Nhất Quán Nướng	30 Nguyễn Thiếp	Phường Hạc Thành	Tỉnh Thanh Hóa	Thanh Hóa	30 Nguyễn Thiếp Tỉnh Thanh Hóa	https://www.google.com/maps/search/?api=1&query=%C4%90%E1%BB%87+Nh%E1%BA%A5t+Qu%C3%A1n+N%C6%B0%E1%BB%9Bng+30+Nguy%E1%BB%85n+Thi%E1%BA%BFp+T%E1%BB%89nh+Thanh+H%C3%B3a
SIN QUAN	Lê Văn Lương	Phường Yên Hòa	Thành Phố Hà Nội	Hà Nội	Lê Văn Lương Thành Phố Hà Nội	https://www.google.com/maps/search/?api=1&query=SIN+QUAN+L%C3%AA+V%C4%83n+L%C6%B0%C6%A1ng+Th%C3%A0nh+Ph%E1%BB%91+H%C3%A0+N%E1%BB%99i
BIA THÌN	150 Bồ Đề	Phường Bồ Đề	Thành Phố Hà Nội	Hà Nội	150 Bồ Đề Thành Phố Hà Nội	https://www.google.com/maps/search/?api=1&query=BIA+TH%C3%8CN+150+B%E1%BB%93+%C4%90%E1%BB%81+Th%C3%A0nh+Ph%E1%BB%91+H%C3%A0+N%E1%BB%99i
NH PHỐ XƯA 89 (CS2)	Chùa Đông	Phường Phố Hiến	Tỉnh Hưng Yên	Hưng Yên	Chùa Đông Tỉnh Hưng Yên	https://www.google.com/maps/search/?api=1&query=NH+PH%E1%BB%90+X%C6%AFA+89+%28CS2%29+Ch%C3%B9a+%C4%90%C3%B4ng+T%E1%BB%89nh+H%C6%B0ng+Y%C3%AAn
BIA LẨU 86	Đường Trục	Phường Phố Hiến	Tỉnh Hưng Yên	Hưng Yên	Đường Trục Tỉnh Hưng Yên	https://www.google.com/maps/search/?api=1&query=BIA+L%E1%BA%A8U+86+%C4%90%C6%B0%E1%BB%9Dng+Tr%E1%BB%A5c+T%E1%BB%89nh+H%C6%B0ng+Y%C3%AAn
HIỆP VỊT QUÁN	Trịnh tố tâm	Phường Bồ Đề	Thành Phố Hà Nội	Hà Nội	Trịnh tố tâm Thành Phố Hà Nội	https://www.google.com/maps/search/?api=1&query=HI%E1%BB%86P+V%E1%BB%8AT+QU%C3%81N+Tr%E1%BB%8Bnh+t%E1%BB%91+t%C3%A2m+Th%C3%A0nh+Ph%E1%BB%91+H%C3%A0+N%E1%BB%99i
Góc Đà Lạt cs1	CT4 - 1 kdt Mễ Trì Hạ Mễ trì hạ		Thành Phố Hà Nội	Hà Nội	CT4 - 1 kdt Mễ Trì Hạ Mễ trì hạ Thành Phố Hà Nội	https://www.google.com/maps/search/?api=1&query=G%C3%B3c+%C4%90%C3%A0+L%E1%BA%A1t+cs1+CT4+-+1+kdt+M%E1%BB%85+Tr%C3%AC+H%E1%BA%A1+M%E1%BB%85+tr%C3%AC+h%E1%BA%A1+Th%C3%A0nh+Ph%E1%BB%91+H%C3%A0+N%E1%BB%99i
HÙNG NẾT	Nghi Xuân	Cửa hội	Tỉnh Nghệ An	Nghệ An	Nghi Xuân Tỉnh Nghệ An	https://www.google.com/maps/search/?api=1&query=H%C3%99NG+N%E1%BA%BET+Nghi+Xu%C3%A2n+T%E1%BB%89nh+Ngh%E1%BB%87+An
Âm thực 555	Khu 8		Tỉnh Quảng Ninh	Quảng Ninh	Khu 8 Tỉnh Quảng Ninh	https://www.google.com/maps/search/?api=1&query=%C3%82m+th%E1%BB%B1c+555+Khu+8+T%E1%BB%89nh+Qu%E1%BA%A3ng+Ninh
Việt Ngoan	1 Đường thái bình	Phường Thiên Trường	Tỉnh Nam Định	Nam Định	1 Đường thái bình Tỉnh Nam Định	https://www.google.com/maps/search/?api=1&query=Vi%C3%AA%CC%A3t+Ngoan+1+%C4%90%C6%B0%E1%BB%9Dng+th%C3%A1i+b%C3%ACnh+T%E1%BB%89nh+Nam+%C4%90%E1%BB%8Bnh
Bia Cây Bàng	Nguyễn công trứ	Phường Hoa Lư	Tỉnh Ninh Bình	Nam Định	Nguyễn công trứ Tỉnh Ninh Bình	https://www.google.com/maps/search/?api=1&query=Bia+C%C3%A2y+B%C3%A0ng+Nguy%E1%BB%85n+c%C3%B4ng+tr%E1%BB%A9+T%E1%BB%89nh+Ninh+B%C3%ACnh
VŨ SƠN	Xóm 10	Quỳnh Lưu	Tỉnh Nghệ An	Nghệ An	Xóm 10 Tỉnh Nghệ An	https://www.google.com/maps/search/?api=1&query=V%C5%A8+S%C6%A0N+X%C3%B3m+10+T%E1%BB%89nh+Ngh%E1%BB%87+An
TỰ LẬP	57 Đinh chương dương	Phường Sầm Sơn	Tỉnh Thanh Hóa	Thanh Hóa	57 Đinh chương dương Tỉnh Thanh Hóa	https://www.google.com/maps/search/?api=1&query=T%E1%BB%B0+L%E1%BA%ACP+57+%C4%90inh+ch%C6%B0%C6%A1ng+d%C6%B0%C6%A1ng+T%E1%BB%89nh+Thanh+H%C3%B3a
FLAMINGO LẠCH TRƯỜNG	Plamin	Xã Hoằng Tiến	Tỉnh Thanh Hóa	Thanh Hóa	Plamin Tỉnh Thanh Hóa	https://www.google.com/maps/search/?api=1&query=FLAMINGO+L%E1%BA%A0CH+TR%C6%AF%E1%BB%9CNG+Plamin+T%E1%BB%89nh+Thanh+H%C3%B3a
BIA HAI HOI	Lê Duẩn	Phường Văn Miếu	Thành Phố Hà Nội	Hà Nội	Lê Duẩn Thành Phố Hà Nội	https://www.google.com/maps/search/?api=1&query=BIA+HAI+HOI+L%C3%AA+Du%E1%BA%A9n+Th%C3%A0nh+Ph%E1%BB%91+H%C3%A0+N%E1%BB%99i
BIA HOI NGOC LONG	19 Vườn Hoa 1/5	Phường Đống Đa	Thành Phố Hà Nội	Hà Nội	19 Vườn Hoa 1/5 Thành Phố Hà Nội	https://www.google.com/maps/search/?api=1&query=BIA+HOI+NGOC+LONG+19+V%C6%B0%E1%BB%9Dn+Hoa+1%2F5+Th%C3%A0nh+Ph%E1%BB%91+H%C3%A0+N%E1%BB%99i
ẨM THỰC VƯỜN CAU	Lê Đức Thọ	Phường Từ Liêm	Thành Phố Hà Nội	Hà Nội	Lê Đức Thọ Thành Phố Hà Nội	https://www.google.com/maps/search/?api=1&query=%E1%BA%A8M+TH%E1%BB%B0C+V%C6%AF%E1%BB%9CN+CAU+L%C3%AA+%C4%90%E1%BB%A9c+Th%E1%BB%8D+Th%C3%A0nh+Ph%E1%BB%91+H%C3%A0+N%E1%BB%99i
BIA HƠI NGÕ 76	Ngõ 76	Phường Phú Diễn	Thành Phố Hà Nội	Hà Nội	Ngõ 76 Thành Phố Hà Nội	https://www.google.com/maps/search/?api=1&query=BIA+H%C6%A0I+NG%C3%95+76+Ng%C3%B5+76+Th%C3%A0nh+Ph%E1%BB%91+H%C3%A0+N%E1%BB%99i
BIA HOI BUI QUAN	BUI QUAN	Phường Việt Hưng	Thành Phố Hà Nội	Hà Nội	BUI QUAN Thành Phố Hà Nội	https://www.google.com/maps/search/?api=1&query=BIA+HOI+BUI+QUAN+BUI+QUAN+Th%C3%A0nh+Ph%E1%BB%91+H%C3%A0+N%E1%BB%99i
Quán Cây Sấu	158 Phạm Ngọc Thạch	Phường Phủ Lý	Tỉnh Hà Nam	Hà Nam	158 Phạm Ngọc Thạch Tỉnh Hà Nam	https://www.google.com/maps/search/?api=1&query=Qu%C3%A1n+C%C3%A2y+S%E1%BA%A5u+158+Ph%E1%BA%A1m+Ng%E1%BB%8Dc+Th%E1%BA%A1ch+T%E1%BB%89nh+H%C3%A0+Nam
ĐẠI DƯƠNG ( HẢI TIẾN)	Plamingo	Thanh Hoá	Tỉnh Thanh Hóa	Thanh Hóa	Plamingo Tỉnh Thanh Hóa	https://www.google.com/maps/search/?api=1&query=%C4%90%E1%BA%A0I+D%C6%AF%C6%A0NG+%28+H%E1%BA%A2I+TI%E1%BA%BEN%29+Plamingo+T%E1%BB%89nh+Thanh+H%C3%B3a
BIA HOI HOANG CAU	Mai Anh Tuấn	Phường Ô Chợ Dừa	Thành Phố Hà Nội	Hà Nội	Mai Anh Tuấn Thành Phố Hà Nội	https://www.google.com/maps/search/?api=1&query=BIA+HOI+HOANG+CAU+Mai+Anh+Tu%E1%BA%A5n+Th%C3%A0nh+Ph%E1%BB%91+H%C3%A0+N%E1%BB%99i
NHA HANG THAO NGUYEN 2	CT6 0	Phường Phương Liệt	Thành Phố Hà Nội	Hà Nội	CT6 0 Thành Phố Hà Nội	https://www.google.com/maps/search/?api=1&query=NHA+HANG+THAO+NGUYEN+2+CT6+0+Th%C3%A0nh+Ph%E1%BB%91+H%C3%A0+N%E1%BB%99i
QUAN NHAU THANH CONG	287 ĐẶNG TIẾN ĐÔNG	Phường Ô Chợ Dừa	Thành Phố Hà Nội	Hà Nội	287 ĐẶNG TIẾN ĐÔNG Thành Phố Hà Nội	https://www.google.com/maps/search/?api=1&query=QUAN+NHAU+THANH+CONG+287+%C4%90%E1%BA%B6NG+TI%E1%BA%BEN+%C4%90%C3%94NG+Th%C3%A0nh+Ph%E1%BB%91+H%C3%A0+N%E1%BB%99i
BE THUI19	12 Chuong Dương Độ	Phường Hồng Hà	Thành Phố Hà Nội	Hà Nội	12 Chuong Dương Độ Thành Phố Hà Nội	https://www.google.com/maps/search/?api=1&query=BE+THUI19+12+Chuong+D%C6%B0%C6%A1ng+%C4%90%E1%BB%99+Th%C3%A0nh+Ph%E1%BB%91+H%C3%A0+N%E1%BB%99i
BE THUI HA NOI	Việt Hưng	Phường Phúc Lợi	Thành Phố Hà Nội	Hà Nội	Việt Hưng Thành Phố Hà Nội	https://www.google.com/maps/search/?api=1&query=BE+THUI+HA+NOI+Vi%E1%BB%87t+H%C6%B0ng+Th%C3%A0nh+Ph%E1%BB%91+H%C3%A0+N%E1%BB%99i
BIA 82	82 dương khue Dương Khuê	Phường Từ Liêm	Thành Phố Hà Nội	Hà Nội	82 dương khue Dương Khuê Thành Phố Hà Nội	https://www.google.com/maps/search/?api=1&query=BIA+82+82+d%C6%B0%C6%A1ng+khue+D%C6%B0%C6%A1ng+Khu%C3%AA+Th%C3%A0nh+Ph%E1%BB%91+H%C3%A0+N%E1%BB%99i
NHÀ HÀNG 259	Yên Hòa	Phường Yên Hòa	Thành Phố Hà Nội	Hà Nội	Yên Hòa Thành Phố Hà Nội	https://www.google.com/maps/search/?api=1&query=NH%C3%80+H%C3%80NG+259+Y%C3%AAn+H%C3%B2a+Th%C3%A0nh+Ph%E1%BB%91+H%C3%A0+N%E1%BB%99i
BIA A2	32C Nguyễn Chí Thanh	Phường Giảng Võ	Thành Phố Hà Nội	Hà Nội	32C Nguyễn Chí Thanh Thành Phố Hà Nội	https://www.google.com/maps/search/?api=1&query=BIA+A2+32C+Nguy%E1%BB%85n+Ch%C3%AD+Thanh+Th%C3%A0nh+Ph%E1%BB%91+H%C3%A0+N%E1%BB%99i
NHÀ HÀNG THƯỢNG HẢI	Tương Mai	Phường Kim Liên	Thành Phố Hà Nội	Hà Nội	Tương Mai Thành Phố Hà Nội	https://www.google.com/maps/search/?api=1&query=NH%C3%80+H%C3%80NG+TH%C6%AF%E1%BB%A2NG+H%E1%BA%A2I+T%C6%B0%C6%A1ng+Mai+Th%C3%A0nh+Ph%E1%BB%91+H%C3%A0+N%E1%BB%99i
Dải Nướng Trọng Nghĩa	Đào Duy Tùng		Thành Phố Hà Nội	Hà Nội	Đào Duy Tùng Thành Phố Hà Nội	https://www.google.com/maps/search/?api=1&query=D%E1%BA%A3i+N%C6%B0%E1%BB%9Bng+Tr%E1%BB%8Dng+Ngh%C4%A9a+%C4%90%C3%A0o+Duy+T%C3%B9ng+Th%C3%A0nh+Ph%E1%BB%91+H%C3%A0+N%E1%BB%99i
39 Quán Nam	39 Quán Nam	Phường Gia Viên	Thành Phố Hải Phòng	Hải Phòng	39 Quán Nam Thành Phố Hải Phòng	https://www.google.com/maps/search/?api=1&query=39+Qu%C3%A1n+Nam+39+Qu%C3%A1n+Nam+Th%C3%A0nh+Ph%E1%BB%91+H%E1%BA%A3i+Ph%C3%B2ng
DƯƠNG HƯƠNG QUÁN	Đào Duy Tùng	Xã Đông Anh	Thành Phố Hà Nội	Hà Nội	Đào Duy Tùng Thành Phố Hà Nội	https://www.google.com/maps/search/?api=1&query=D%C6%AF%C6%A0NG+H%C6%AF%C6%A0NG+QU%C3%81N+%C4%90%C3%A0o+Duy+T%C3%B9ng+Th%C3%A0nh+Ph%E1%BB%91+H%C3%A0+N%E1%BB%99i
PHONG NAM QUÁN	Đào Duy Tùng	Xã Đông Anh	Thành Phố Hà Nội	Hà Nội	Đào Duy Tùng Thành Phố Hà Nội	https://www.google.com/maps/search/?api=1&query=PHONG+NAM+QU%C3%81N+%C4%90%C3%A0o+Duy+T%C3%B9ng+Th%C3%A0nh+Ph%E1%BB%91+H%C3%A0+N%E1%BB%99i
Quán Cay SVLC	Trần Huy Liệu	Giảng Võ	Thành Phố Hà Nội	Hà Nội	Trần Huy Liệu Thành Phố Hà Nội	https://www.google.com/maps/search/?api=1&query=Qu%C3%A1n+Cay+SVLC+Tr%E1%BA%A7n+Huy+Li%E1%BB%87u+Th%C3%A0nh+Ph%E1%BB%91+H%C3%A0+N%E1%BB%99i
Sông Hồng Quán	Lê Minh Khai		Tỉnh Hưng Yên	Hưng Yên	Lê Minh Khai Tỉnh Hưng Yên	https://www.google.com/maps/search/?api=1&query=S%C3%B4ng+H%E1%BB%93ng+Qu%C3%A1n+L%C3%AA+Minh+Khai+T%E1%BB%89nh+H%C6%B0ng+Y%C3%AAn
Quán nhậu 24/7	5 Nguyễn văn năng		Tỉnh Thái Bình	Thái Bình	5 Nguyễn văn năng Tỉnh Thái Bình	https://www.google.com/maps/search/?api=1&query=Qu%C3%A1n+nh%E1%BA%ADu+24%2F7+5+Nguy%E1%BB%85n+v%C4%83n+n%C4%83ng+T%E1%BB%89nh+Th%C3%A1i+B%C3%ACnh
Bia Hơi Thắng Hói	Đỗ Đức Dục	Phường Mễ Trì	Thành Phố Hà Nội	Hà Nội	Đỗ Đức Dục Thành Phố Hà Nội	https://www.google.com/maps/search/?api=1&query=Bia+H%C6%A1i+Th%E1%BA%AFng+H%C3%B3i+%C4%90%E1%BB%97+%C4%90%E1%BB%A9c+D%E1%BB%A5c+Th%C3%A0nh+Ph%E1%BB%91+H%C3%A0+N%E1%BB%99i
Quán Nhậu Phong Vũ	Dọc bún 2 La Khê	Phường Hà Đông	Thành Phố Hà Nội	Hà Nội	Dọc bún 2 La Khê Thành Phố Hà Nội	https://www.google.com/maps/search/?api=1&query=Qu%C3%A1n+Nh%E1%BA%ADu+Phong+V%C5%A9+D%E1%BB%8Dc+b%C3%BAn+2+La+Kh%C3%AA+Th%C3%A0nh+Ph%E1%BB%91+H%C3%A0+N%E1%BB%99i
Hiền Thanh	Bãi biển		Tỉnh Hà Tĩnh	Hà Tĩnh	Bãi biển Tỉnh Hà Tĩnh	https://www.google.com/maps/search/?api=1&query=Hi%E1%BB%81n+Thanh+B%C3%A3i+bi%E1%BB%83n+T%E1%BB%89nh+H%C3%A0+T%C4%A9nh
TRI KỸ QUÁN	Nam Sông Mã		Tỉnh Thanh Hóa	Thanh Hóa	Nam Sông Mã Tỉnh Thanh Hóa	https://www.google.com/maps/search/?api=1&query=TRI+K%E1%BB%B8+QU%C3%81N+Nam+S%C3%B4ng+M%C3%A3+T%E1%BB%89nh+Thanh+H%C3%B3a
QUÁN GIÓ	Nam Sông Mã		Tỉnh Thanh Hóa	Thanh Hóa	Nam Sông Mã Tỉnh Thanh Hóa	https://www.google.com/maps/search/?api=1&query=QU%C3%81N+GI%C3%93+Nam+S%C3%B4ng+M%C3%A3+T%E1%BB%89nh+Thanh+H%C3%B3a
Hoan thụt	136 Đào Sư Tích		Tỉnh Bắc Giang	Bắc Giang	136 Đào Sư Tích Tỉnh Bắc Giang	https://www.google.com/maps/search/?api=1&query=Hoan+th%E1%BB%A5t+136+%C4%90%C3%A0o+S%C6%B0+T%C3%ADch+T%E1%BB%89nh+B%E1%BA%AFc+Giang
Hiếu béo	Nguyễn Thị Minh Khai		Tỉnh Bắc Giang	Bắc Giang	Nguyễn Thị Minh Khai Tỉnh Bắc Giang	https://www.google.com/maps/search/?api=1&query=Hi%E1%BA%BFu+b%C3%A9o+Nguy%E1%BB%85n+Th%E1%BB%8B+Minh+Khai+T%E1%BB%89nh+B%E1%BA%AFc+Giang
HẢI TÈO	101 Nguyễn Thái Học		Tỉnh Nghệ An	Nghệ An	101 Nguyễn Thái Học Tỉnh Nghệ An	https://www.google.com/maps/search/?api=1&query=H%E1%BA%A2I+T%C3%88O+101+Nguy%E1%BB%85n+Th%C3%A1i+H%E1%BB%8Dc+T%E1%BB%89nh+Ngh%E1%BB%87+An
ẨM THỰC HỒ BẮC	Lê thái tổ		Tỉnh Bắc Ninh	Bắc Ninh	Lê thái tổ Tỉnh Bắc Ninh	https://www.google.com/maps/search/?api=1&query=%E1%BA%A8M+TH%E1%BB%B0C+H%E1%BB%92+B%E1%BA%AEC+L%C3%AA+th%C3%A1i+t%E1%BB%95+T%E1%BB%89nh+B%E1%BA%AFc+Ninh
DŨNG TRỌC QUÁN	Ba Huyện		Tỉnh Bắc Ninh	Bắc Ninh	Ba Huyện Tỉnh Bắc Ninh	https://www.google.com/maps/search/?api=1&query=D%C5%A8NG+TR%E1%BB%8CC+QU%C3%81N+Ba+Huy%E1%BB%87n+T%E1%BB%89nh+B%E1%BA%AFc+Ninh
Teen deer	269 Quán Nam	Phường Gia Viên	Thành Phố Hải Phòng	Hải Phòng	269 Quán Nam Thành Phố Hải Phòng	https://www.google.com/maps/search/?api=1&query=Teen+deer+269+Qu%C3%A1n+Nam+Th%C3%A0nh+Ph%E1%BB%91+H%E1%BA%A3i+Ph%C3%B2ng
1985 Beer	Đình Tràng	Phường Hà Nam	Tỉnh Hà Nam	Hà Nam	Đình Tràng Tỉnh Hà Nam	https://www.google.com/maps/search/?api=1&query=1985+Beer+%C4%90%C3%ACnh+Tr%C3%A0ng+T%E1%BB%89nh+H%C3%A0+Nam
DÊ TƯƠI AN PHÚC	Đường 2.4 kđt gamuda		Thành Phố Hà Nội	Hà Nội	Đường 2.4 kđt gamuda Thành Phố Hà Nội	https://www.google.com/maps/search/?api=1&query=D%C3%8A+T%C6%AF%C6%A0I+AN+PH%C3%9AC+%C4%90%C6%B0%E1%BB%9Dng+2.4+k%C4%91t+gamuda+Th%C3%A0nh+Ph%E1%BB%91+H%C3%A0+N%E1%BB%99i
Khợp Quán	129 Quán Nam	Phường Gia Viên	Thành Phố Hải Phòng	Hải Phòng	129 Quán Nam Thành Phố Hải Phòng	https://www.google.com/maps/search/?api=1&query=Kh%E1%BB%A3p+Qu%C3%A1n+129+Qu%C3%A1n+Nam+Th%C3%A0nh+Ph%E1%BB%91+H%E1%BA%A3i+Ph%C3%B2ng
QUÁN LÃ BỐ	Cát Linh		Tỉnh Ninh Bình	Ninh Bình	Cát Linh Tỉnh Ninh Bình	https://www.google.com/maps/search/?api=1&query=QU%C3%81N+L%C3%83+B%E1%BB%90+C%C3%A1t+Linh+T%E1%BB%89nh+Ninh+B%C3%ACnh
Hùng Anh	SN 06 Ngõ 44,Đường Đinh Tất Miễn,Phố 12	Đông Thành	Tỉnh Ninh Bình	Ninh Bình	SN 06 Ngõ 44,Đường Đinh Tất Miễn,Phố 12 Tỉnh Ninh Bình	https://www.google.com/maps/search/?api=1&query=H%C3%B9ng+Anh+SN+06+Ng%C3%B5+44%2C%C4%90%C6%B0%E1%BB%9Dng+%C4%90inh+T%E1%BA%A5t+Mi%E1%BB%85n%2CPh%E1%BB%91+12+T%E1%BB%89nh+Ninh+B%C3%ACnh
LƯƠNG SƠN BẠC	Nguyễn Hoành Từ		Tỉnh Hà Tĩnh	Hà Tĩnh	Nguyễn Hoành Từ Tỉnh Hà Tĩnh	https://www.google.com/maps/search/?api=1&query=L%C6%AF%C6%A0NG+S%C6%A0N+B%E1%BA%A0C+Nguy%E1%BB%85n+Ho%C3%A0nh+T%E1%BB%AB+T%E1%BB%89nh+H%C3%A0+T%C4%A9nh
Quý Cháy	Phú Đô		Thành Phố Hà Nội	Hà Nội	Phú Đô Thành Phố Hà Nội	https://www.google.com/maps/search/?api=1&query=Qu%C3%BD+Ch%C3%A1y+Ph%C3%BA+%C4%90%C3%B4+Th%C3%A0nh+Ph%E1%BB%91+H%C3%A0+N%E1%BB%99i
BIA HƠI ĐỊNH NGUYỆT	Nguyễn Văn Lộc		Thành Phố Hà Nội	Hà Nội	Nguyễn Văn Lộc Thành Phố Hà Nội	https://www.google.com/maps/search/?api=1&query=BIA+H%C6%A0I+%C4%90%E1%BB%8ANH+NGUY%E1%BB%86T+Nguy%E1%BB%85n+V%C4%83n+L%E1%BB%99c+Th%C3%A0nh+Ph%E1%BB%91+H%C3%A0+N%E1%BB%99i
THẠCH HỒNG	Khu Ẩm Thực Cửa Hội Ven Sông Lam		Tỉnh Nghệ An	Nghệ An	Khu Ẩm Thực Cửa Hội Ven Sông Lam Tỉnh Nghệ An	https://www.google.com/maps/search/?api=1&query=TH%E1%BA%A0CH+H%E1%BB%92NG+Khu+%E1%BA%A8m+Th%E1%BB%B1c+C%E1%BB%ADa+H%E1%BB%99i+Ven+S%C3%B4ng+Lam+T%E1%BB%89nh+Ngh%E1%BB%87+An
TỰ DZO	Lý Thường Kiệt Kéo Dài Lý Thường Kiệt		Tỉnh Nghệ An	Nghệ An	Lý Thường Kiệt Kéo Dài Lý Thường Kiệt Tỉnh Nghệ An	https://www.google.com/maps/search/?api=1&query=T%E1%BB%B0+DZO+L%C3%BD+Th%C6%B0%E1%BB%9Dng+Ki%E1%BB%87t+K%C3%A9o+D%C3%A0i+L%C3%BD+Th%C6%B0%E1%BB%9Dng+Ki%E1%BB%87t+T%E1%BB%89nh+Ngh%E1%BB%87+An
Bia Phủi	3 HỒNG ĐÔ		Thành Phố Hà Nội	Hà Nội	3 HỒNG ĐÔ Thành Phố Hà Nội	https://www.google.com/maps/search/?api=1&query=Bia+Ph%E1%BB%A7i+3+H%E1%BB%92NG+%C4%90%C3%94+Th%C3%A0nh+Ph%E1%BB%91+H%C3%A0+N%E1%BB%99i
Trâu Minh Hằng	Hai Bà Trưng		Tỉnh Bắc Ninh	Bắc Ninh	Hai Bà Trưng Tỉnh Bắc Ninh	https://www.google.com/maps/search/?api=1&query=Tr%C3%A2u+Minh+H%E1%BA%B1ng+Hai+B%C3%A0+Tr%C6%B0ng+T%E1%BB%89nh+B%E1%BA%AFc+Ninh
NH Hồ Quang	79/112 Lê Công Thanh	Lê Công Thanh	Tỉnh Hà Nam	Hà Nam	79/112 Lê Công Thanh Tỉnh Hà Nam	https://www.google.com/maps/search/?api=1&query=NH+H%E1%BB%93+Quang+79%2F112+L%C3%AA+C%C3%B4ng+Thanh+T%E1%BB%89nh+H%C3%A0+Nam
Zô Đê	96 Nguyễn Huy Tưởng		Thành Phố Hà Nội	Hà Nội	96 Nguyễn Huy Tưởng Thành Phố Hà Nội	https://www.google.com/maps/search/?api=1&query=Z%C3%B4+%C4%90%C3%AA+96+Nguy%E1%BB%85n+Huy+T%C6%B0%E1%BB%9Fng+Th%C3%A0nh+Ph%E1%BB%91+H%C3%A0+N%E1%BB%99i
Tam Giác Quán	Đỗ Nhuận		Thành Phố Hà Nội	Hà Nội	Đỗ Nhuận Thành Phố Hà Nội	https://www.google.com/maps/search/?api=1&query=Tam+Gi%C3%A1c+Qu%C3%A1n+%C4%90%E1%BB%97+Nhu%E1%BA%ADn+Th%C3%A0nh+Ph%E1%BB%91+H%C3%A0+N%E1%BB%99i
KHÔNG SỢ VỢ	Nguyễn Thiếp		Tỉnh Thanh Hóa	Thanh Hóa	Nguyễn Thiếp Tỉnh Thanh Hóa	https://www.google.com/maps/search/?api=1&query=KH%C3%94NG+S%E1%BB%A2+V%E1%BB%A2+Nguy%E1%BB%85n+Thi%E1%BA%BFp+T%E1%BB%89nh+Thanh+H%C3%B3a
Bia Hùng Lâm	KDTM Đại Kim	KĐTM Đại Kim	Thành Phố Hà Nội	Hà Nội	KDTM Đại Kim Thành Phố Hà Nội	https://www.google.com/maps/search/?api=1&query=Bia+H%C3%B9ng+L%C3%A2m+KDTM+%C4%90%E1%BA%A1i+Kim+Th%C3%A0nh+Ph%E1%BB%91+H%C3%A0+N%E1%BB%99i
Chuông Beer	Lê Văn Thiêm	Ngõ 1 Lê Văn Thiêm	Thành Phố Hà Nội	Hà Nội	Lê Văn Thiêm Thành Phố Hà Nội	https://www.google.com/maps/search/?api=1&query=Chu%C3%B4ng+Beer+L%C3%AA+V%C4%83n+Thi%C3%AAm+Th%C3%A0nh+Ph%E1%BB%91+H%C3%A0+N%E1%BB%99i
CỬU A BẢO	23/38 Nguyễn Thiếp		Tỉnh Thanh Hóa	Thanh Hóa	23/38 Nguyễn Thiếp Tỉnh Thanh Hóa	https://www.google.com/maps/search/?api=1&query=C%E1%BB%ACU+A+B%E1%BA%A2O+23%2F38+Nguy%E1%BB%85n+Thi%E1%BA%BFp+T%E1%BB%89nh+Thanh+H%C3%B3a
DŨNG ĐỆ	104 Hải Thượng Lãn Ông		Tỉnh Nghệ An	Nghệ An	104 Hải Thượng Lãn Ông Tỉnh Nghệ An	https://www.google.com/maps/search/?api=1&query=D%C5%A8NG+%C4%90%E1%BB%86+104+H%E1%BA%A3i+Th%C6%B0%E1%BB%A3ng+L%C3%A3n+%C3%94ng+T%E1%BB%89nh+Ngh%E1%BB%87+An
BIA CỎ BỐ VỆ	Nguyễn Như Lãm		Tỉnh Thanh Hóa	Thanh Hóa	Nguyễn Như Lãm Tỉnh Thanh Hóa	https://www.google.com/maps/search/?api=1&query=BIA+C%E1%BB%8E+B%E1%BB%90+V%E1%BB%86+Nguy%E1%BB%85n+Nh%C6%B0+L%C3%A3m+T%E1%BB%89nh+Thanh+H%C3%B3a
HỒ ĐIỀU HÒA	Phong Phú	TP Vinh	Tỉnh Nghệ An	Nghệ An	Phong Phú Tỉnh Nghệ An	https://www.google.com/maps/search/?api=1&query=H%E1%BB%92+%C4%90I%E1%BB%80U+H%C3%92A+Phong+Ph%C3%BA+T%E1%BB%89nh+Ngh%E1%BB%87+An
Bia hơi Huân Lụa	78 dương khuê Dương Khuê	Dương Khuê, Từ Liêm	Thành Phố Hà Nội	Hà Nội	78 dương khuê Dương Khuê Thành Phố Hà Nội	https://www.google.com/maps/search/?api=1&query=Bia+h%C6%A1i+Hu%C3%A2n+L%E1%BB%A5a+78+d%C6%B0%C6%A1ng+khu%C3%AA+D%C6%B0%C6%A1ng+Khu%C3%AA+Th%C3%A0nh+Ph%E1%BB%91+H%C3%A0+N%E1%BB%99i
Bia Thành Bếp	Triệu Quang Phục	Phường Phố Hiến	Tỉnh Hưng Yên	Hưng Yên	Triệu Quang Phục Tỉnh Hưng Yên	https://www.google.com/maps/search/?api=1&query=Bia+Th%C3%A0nh+B%E1%BA%BFp+Tri%E1%BB%87u+Quang+Ph%E1%BB%A5c+T%E1%BB%89nh+H%C6%B0ng+Y%C3%AAn
ANH NGHĨA	Mặt biển		Tỉnh Thanh Hóa	Thanh Hóa	Mặt biển Tỉnh Thanh Hóa	https://www.google.com/maps/search/?api=1&query=ANH+NGH%C4%A8A+M%E1%BA%B7t+bi%E1%BB%83n+T%E1%BB%89nh+Thanh+H%C3%B3a
BÃI ĐÁ	Mặt biển		Tỉnh Thanh Hóa	Thanh Hóa	Mặt biển Tỉnh Thanh Hóa	https://www.google.com/maps/search/?api=1&query=B%C3%83I+%C4%90%C3%81+M%E1%BA%B7t+bi%E1%BB%83n+T%E1%BB%89nh+Thanh+H%C3%B3a
Bia Bình An CS2	33 LK16 dọc bún 2 La Khê	Phường Hà Đông	Thành Phố Hà Nội	Hà Nội	33 LK16 dọc bún 2 La Khê Thành Phố Hà Nội	https://www.google.com/maps/search/?api=1&query=Bia+B%C3%ACnh+An+CS2+33+LK16+d%E1%BB%8Dc+b%C3%BAn+2+La+Kh%C3%AA+Th%C3%A0nh+Ph%E1%BB%91+H%C3%A0+N%E1%BB%99i
Beer Mít	. Lê Công Thanh	Lê Công Thanh	Tỉnh Hà Nam	Hà Nam	. Lê Công Thanh Tỉnh Hà Nam	https://www.google.com/maps/search/?api=1&query=Beer+M%C3%ADt+.+L%C3%AA+C%C3%B4ng+Thanh+T%E1%BB%89nh+H%C3%A0+Nam
Bia Cường Béo	51 Võ Chí Công	Phường Xuân Đỉnh	Thành Phố Hà Nội	Hà Nội	51 Võ Chí Công Thành Phố Hà Nội	https://www.google.com/maps/search/?api=1&query=Bia+C%C6%B0%E1%BB%9Dng+B%C3%A9o+51+V%C3%B5+Ch%C3%AD+C%C3%B4ng+Th%C3%A0nh+Ph%E1%BB%91+H%C3%A0+N%E1%BB%99i
Quán nhậu bờ đê	Yên Giang	Phường Quảng Yên	Tỉnh Quảng Ninh	Quảng Ninh	Yên Giang Tỉnh Quảng Ninh	https://www.google.com/maps/search/?api=1&query=Qu%C3%A1n+nh%E1%BA%ADu+b%E1%BB%9D+%C4%91%C3%AA+Y%C3%AAn+Giang+T%E1%BB%89nh+Qu%E1%BA%A3ng+Ninh
Mây Híp	Lương Quy		Thành Phố Hải Phòng	Hải Phòng	Lương Quy Thành Phố Hải Phòng	https://www.google.com/maps/search/?api=1&query=M%C3%A2y+H%C3%ADp+L%C6%B0%C6%A1ng+Quy+Th%C3%A0nh+Ph%E1%BB%91+H%E1%BA%A3i+Ph%C3%B2ng
NH BÒ TƠ 183	22 Tô Chấn		Tỉnh Hưng Yên	Hưng Yên	22 Tô Chấn Tỉnh Hưng Yên	https://www.google.com/maps/search/?api=1&query=NH+B%C3%92+T%C6%A0+183+22+T%C3%B4+Ch%E1%BA%A5n+T%E1%BB%89nh+H%C6%B0ng+Y%C3%AAn
Sang Trọc	Lê Văn Thiêm	Phường Thanh Xuân	Thành Phố Hà Nội	Hà Nội	Lê Văn Thiêm Thành Phố Hà Nội	https://www.google.com/maps/search/?api=1&query=Sang+Tr%E1%BB%8Dc+L%C3%AA+V%C4%83n+Thi%C3%AAm+Th%C3%A0nh+Ph%E1%BB%91+H%C3%A0+N%E1%BB%99i
Quán Nam Chung	Số 1 - D1 Bạch Thái Bưởi, Tổ dân phố 5	Phường Hà Đông	Thành Phố Hà Nội	Hà Nội	Số 1 - D1 Bạch Thái Bưởi, Tổ dân phố 5 Thành Phố Hà Nội	https://www.google.com/maps/search/?api=1&query=Qu%C3%A1n+Nam+Chung+S%E1%BB%91+1+-+D1+B%E1%BA%A1ch+Th%C3%A1i+B%C6%B0%E1%BB%9Fi%2C+T%E1%BB%95+d%C3%A2n+ph%E1%BB%91+5+Th%C3%A0nh+Ph%E1%BB%91+H%C3%A0+N%E1%BB%99i
Nhà Hàng Anh Vũ	KĐT Văn Quán	Phường Hà Đông	Thành Phố Hà Nội	Hà Nội	KĐT Văn Quán Thành Phố Hà Nội	https://www.google.com/maps/search/?api=1&query=Nh%C3%A0+H%C3%A0ng+Anh+V%C5%A9+K%C4%90T+V%C4%83n+Qu%C3%A1n+Th%C3%A0nh+Ph%E1%BB%91+H%C3%A0+N%E1%BB%99i
